{"cameraMode":{"drawMode":0,"name":"Shaded","section":"Shading Mode"},"sceneLighting":false,"audioPlay":false,"sceneViewState":{"m_AlwaysRefresh":false,"showFog":true,"showSkybox":false,"showFlares":true,"showImageEffects":true,"showParticleSystems":true,"showVisualEffectGraphs":true,"m_FxEnabled":false},"in2DMode":false,"pivot":{"x":-0.35245761275291445,"y":1.372863531112671,"z":0.5150232315063477},"rotation":{"x":0.024188319221138955,"y":0.008354973047971726,"z":0.0002979315468110144,"w":-0.9997031688690186},"size":2.767570972442627,"orthographic":false}