{"cameraMode":{"drawMode":0,"name":"Shaded","section":"Shading Mode"},"sceneLighting":true,"audioPlay":false,"sceneViewState":{"m_AlwaysRefresh":false,"showFog":true,"showSkybox":true,"showFlares":true,"showImageEffects":true,"showParticleSystems":true,"showVisualEffectGraphs":true,"m_FxEnabled":false},"in2DMode":false,"pivot":{"x":-0.21586191654205323,"y":-0.027653753757476808,"z":8.021188735961914},"rotation":{"x":0.3124087452888489,"y":-0.023093020543456079,"z":0.007451450452208519,"w":0.9496785402297974},"size":2.191829204559326,"orthographic":false}